Gene_set	Term	Overlap	P-value	Adjusted_P-value	Old_P-value	Old_Adjusted_P-value	Odds_Ratio	Combined_Score	Genes
KEGG_2021_Human	Focal adhesion	45/201	3.260934425161368e-16	8.83713229218731e-14	0	0	5.150824175824176	183.67503022786	ITGB1;MYLK2;SHC1;ROCK2;LAMA4;PDGFB;TNC;LAMC1;THBS2;THBS1;ACTB;THBS3;CCND1;SPP1;CAPN2;MAPK1;VASP;PDGFRB;ITGA4;VWF;LAMB3;ITGA3;ACTN1;CAV1;ITGA2;ITGA1;FN1;VEGFC;LAMB1;PARVB;PTK2;COL1A1;COL1A2;PARVG;COL4A2;COL4A1;ITGA11;COL6A1;ZYX;COL6A3;ITGA5;TLN1;DOCK1;VCL;BIRC2
KEGG_2021_Human	ECM-receptor interaction	28/88	1.0384949407804e-14	1.407160644757442e-12	0	0	8.242111840049985	265.3829688986499	ITGB1;LAMA4;TNC;LAMC1;HMMR;THBS2;THBS1;THBS3;SPP1;CD36;ITGA4;VWF;LAMB3;ITGA3;ITGA2;ITGA1;FN1;LAMB1;HSPG2;COL1A1;COL1A2;COL4A2;COL4A1;COL6A1;ITGA11;COL6A3;ITGA5;AGRN
KEGG_2021_Human	Human papillomavirus infection	54/331	4.940189643521346e-13	4.462637977980949e-11	0	0	3.488425805511917	98.84873999312757	ITGB1;CDKN1A;TNC;LAMC1;TCIRG1;TNF;LFNG;CCND1;CASP3;HEY2;IKBKE;PDGFRB;ITGA4;VWF;ITGA3;ITGA2;ITGA1;HLA-B;PPP2R5C;COL4A2;COL4A1;IRF1;COL6A1;COL6A3;ITGA5;TP53;CREB5;NOTCH3;HDAC2;NOTCH1;NOTCH4;LAMA4;PARD6G;THBS2;THBS1;THBS3;PPP2R3C;SPP1;MAPK1;JAG1;LAMB3;STAT1;MX2;FN1;ISG15;LAMB1;PTK2;COL1A1;HEYL;COL1A2;CDK6;PPP2R2B;ITGA11;FAS
KEGG_2021_Human	PI3K-Akt signaling pathway	52/354	7.69740254760963e-11	5.214990226005524e-09	0	0	3.071107922256862	71.51858876152993	ITGB1;CDKN1A;TNC;LAMC1;PIK3CG;CCND1;JAK2;PDGFRB;IL4R;ITGA4;VWF;ITGA3;ITGA2;F2R;ITGA1;PPP2R5C;COL4A2;COL4A1;COL6A1;IL3RA;COL6A3;ITGA5;EIF4E2;TP53;TLR4;EPHA2;CREB5;PRKAA1;PKN3;LAMA4;PDGFB;THBS2;THBS1;HSP90B1;THBS3;PPP2R3C;SPP1;MAPK1;ANGPT2;LAMB3;FN1;VEGFC;LAMB1;PTK2;COL1A1;EFNA1;COL1A2;CDK6;PPP2R2B;ITGA11;IL2RB;GNB4
KEGG_2021_Human	Pathways in cancer	66/531	3.7777903701400287e-10	2.0475623806158955e-08	0	0	2.543528010282454	55.18619381125452	ITGB1;CDKN1A;LAMC1;ETS1;CCND1;CASP3;HEY2;JAK2;PDGFRB;IL4R;APAF1;IFNGR1;TPM3;ITGA3;ITGA2;F2R;MMP9;RUNX1;EML4;COL4A2;COL4A1;IL3RA;CKS2;BIRC5;PLCB1;PLCB2;TP53;BIRC2;NOTCH3;HDAC2;NOTCH1;ROCK2;NOTCH4;LAMA4;LEF1;PDGFB;ADCY4;CXCR4;HIF1A;CSF2RA;HSP90B1;GNAI2;RASGRP3;DLL4;TPR;STAT4;E2F2;MAPK1;BID;CDKN2B;JAG1;LAMB3;CDKN2A;STAT1;TGFB3;FN1;VEGFC;LAMB1;PTK2;NFKB2;HEYL;CDK6;IL2RB;GNB4;FAS;F2RL3
KEGG_2021_Human	Small cell lung cancer	21/92	1.8354314432554578e-08	8.290032018703817e-07	0	0	5.186796758202848	92.39449144704436	ITGB1;CDKN1A;CDKN2B;APAF1;LAMB3;ITGA3;ITGA2;LAMA4;FN1;LAMB1;LAMC1;PTK2;CDK6;CCND1;COL4A2;COL4A1;CASP3;CKS2;E2F2;TP53;BIRC2
KEGG_2021_Human	Salmonella infection	37/249	3.0635072000109697e-08	1.1140093326490217e-06	0	0	3.083608267646325	53.349877721556034	CYFIP1;DYNC1I2;ROCK2;CSE1L;FHOD1;LEF1;LY96;TXN;TNF;ACTB;PIK3CG;HSP90B1;PYCARD;TUBB6;IRAK1;CASP3;CASP4;CASP1;MAPK1;MAP3K7;S100A10;ACTR3;ANXA2;MLKL;DYNLT1;RIPK2;TUBB;DYNLT3;RHOG;TNFRSF10B;ARPC5;ARPC2;RHOJ;PFN1;ACBD3;TLR4;BIRC2
KEGG_2021_Human	Regulation of actin cytoskeleton	34/218	3.2885884358642713e-08	1.1140093326490217e-06	0	0	3.2604290456091465	56.17791730820942	ITGB1;CYFIP1;MYLK2;ROCK2;PDGFB;CXCR4;IQGAP1;ACTB;SCIN;ITGAX;MAPK1;PDGFRB;ACTR3;ITGA4;ITGA3;ACTN1;ITGA2;F2R;ITGA1;FN1;MSN;ARPC5;PTK2;ENAH;DIAPH2;DIAPH3;ARPC2;ITGA11;MYH9;ITGA5;PFN1;DOCK1;VCL;ARHGEF6
KEGG_2021_Human	p53 signaling pathway	18/73	5.316209267250017e-08	1.6007696793608386e-06	0	0	5.728032413269182	95.94408604482062	CDKN1A;APAF1;CDKN2A;IGFBP3;SERPINE1;TNFRSF10B;THBS1;CCNB2;CDK6;TP53I3;CCND1;ZMAT3;CASP3;CHEK1;FAS;BID;GTSE1;TP53
KEGG_2021_Human	Pathogenic Escherichia coli infection	31/197	1.0697889133777797e-07	2.8991279552537827e-06	0	0	3.28895846544071	52.78986955392596	ITGB1;CYFIP1;ROCK2;CLDN1;TNF;ACTB;PYCARD;TUBB6;IRAK1;CASP3;CASP4;CASP1;MAPK1;MAP3K7;ACTR3;TUBB;F2R;TNFRSF10B;ARPC5;CLDN5;MYO1B;FCGR2A;ARPC2;HCLS1;FAS;MYH9;ARHGEF2;SEC24D;TLR4;MYO1F;MYO1G
KEGG_2021_Human	Toxoplasmosis	22/112	1.4964772507133105e-07	3.6867757722118825e-06	0	0	4.286320803562183	67.35945343590771	ITGB1;LAMB3;TGFB3;IFNGR1;IL10RB;STAT1;LAMA4;HSPA6;LY96;LAMB1;LAMC1;TNF;PIK3CG;GNAI2;IRAK1;CASP3;HLA-DRA;MAPK1;JAK2;MAP3K7;TLR4;BIRC2
KEGG_2021_Human	Platelet activation	23/124	2.3431818532724377e-07	5.291685685306922e-06	0	0	3.994495345056894	60.982306228089634	VASP;ITGB1;MYLK2;GUCY1A2;VWF;ROCK2;ITGA2;F2R;ADCY4;ACTB;PIK3CG;GNAI2;COL1A1;COL3A1;COL1A2;FCGR2A;TBXA2R;TBXAS1;MAPK1;TLN1;PLCB1;PLCB2;F2RL3
KEGG_2021_Human	AGE-RAGE signaling pathway in diabetic complications	20/100	4.021379988640114e-07	8.383030591703623e-06	0	0	4.377906976744186	64.47111806068786	TGFB3;STAT1;SERPINE1;FN1;CYBB;VEGFC;TNF;COL1A1;COL3A1;COL1A2;CCND1;COL4A2;COL4A1;CASP3;NOX4;CCL2;MAPK1;JAK2;PLCB1;PLCB2
KEGG_2021_Human	Leishmaniasis	17/77	6.838472996345873e-07	1.3237329871498083e-05	0	0	4.953076685219543	70.31155457345356	ITGB1;MARCKSL1;ITGA4;IFNGR1;STAT1;TGFB3;CYBB;CYBA;TNF;FCGR2A;IRAK1;MAPK1;HLA-DRA;JAK2;FCGR1A;MAP3K7;TLR4
KEGG_2021_Human	Leukocyte transendothelial migration	21/114	8.73558875082531e-07	1.578229700982439e-05	0	0	3.955187120802547	55.17759063365307	VASP;ITGB1;ITGA4;ROCK2;ACTN1;CYBB;MSN;CXCR4;CYBA;THY1;CLDN1;MMP9;ACTB;PTK2;GNAI2;CDH5;CLDN5;PECAM1;ESAM;VCL;SIPA1
KEGG_2021_Human	NOD-like receptor signaling pathway	27/181	2.027972863191411e-06	3.434879037030453e-05	0	0	3.0781956807237707	40.35044759639848	TXN;ANTXR2;TNF;PYCARD;PANX1;IFI16;CASP4;CASP1;CCL2;MAPK1;MAP3K7;IKBKE;GBP1;RIPK2;STAT1;CARD8;CARD9;TRPV2;CYBB;CYBA;ATG12;OAS2;OAS3;PLCB1;PLCB2;TLR4;BIRC2
KEGG_2021_Human	Lipid and atherosclerosis	30/215	2.324758141910005e-06	3.629642998165631e-05	0	0	2.850399695470118	36.9750842730547	ROCK2;CCL3L3;LY96;TNF;HSP90B1;PYCARD;IRAK1;CASP3;CASP1;CCL3;CCL2;MAPK1;CD36;JAK2;BID;IKBKE;MAP3K7;APAF1;HSPA6;CYBB;TNFRSF10B;CYBA;EIF2S1;MMP9;PTK2;FAS;PLCB1;TP53;PLCB2;TLR4
KEGG_2021_Human	Amoebiasis	19/102	2.410832987711489e-06	3.629642998165631e-05	0	0	4.004322121198549	51.79806189251261	LAMB3;TGFB3;ACTN1;LAMA4;FN1;LAMB1;LAMC1;TNF;PTK2;COL1A1;COL3A1;COL1A2;COL4A2;COL4A1;CASP3;PLCB1;PLCB2;TLR4;VCL
KEGG_2021_Human	Proteoglycans in cancer	29/205	2.579335512300096e-06	3.678946967543821e-05	0	0	2.894960984137813	37.252296413155335	ITGB1;CDKN1A;ROCK2;IQGAP1;HIF1A;TNF;THBS1;ACTB;CCND1;PLAU;GPC1;CASP3;MAPK1;LUM;CAV1;ITGA2;FN1;PLAUR;MSN;HSPG2;MMP9;PTK2;COL1A1;COL1A2;HCLS1;FAS;ITGA5;TP53;TLR4
KEGG_2021_Human	Epstein-Barr virus infection	28/202	5.687204553222798e-06	7.706162169616891e-05	0	0	2.824914627971862	34.1173180509776	CDKN1A;HDAC2;PSMD14;TNF;CCND1;IRAK1;CASP3;E2F2;CD58;BID;IKBKE;MAP3K7;ENTPD1;APAF1;STAT1;DDX58;HLA-B;TAP2;TAP1;ISG15;NFKB2;CDK6;OAS2;NEDD4;OAS3;FAS;HLA-DRA;TP53
KEGG_2021_Human	Yersinia infection	21/137	1.7696248938995687e-05	0.00022836587916513483	0	0	3.1670920824503948	34.65482153977872	ITGB1;ACTR3;ITGA4;ROCK2;FN1;RHOG;ARPC5;TNF;ACTB;PTK2;PYCARD;FCGR2A;IRAK1;ARPC2;CASP1;CCL2;MAPK1;ITGA5;MAP3K7;DOCK1;TLR4
KEGG_2021_Human	Measles	21/139	2.2157024740253616e-05	0.0002729342593003968	0	0	3.1130811476185967	33.363998815436624	APAF1;DDX58;STAT1;MX2;HSPA6;MSN;EIF2S1;CDK6;CCND1;IRAK1;OAS2;CASP3;OAS3;IL2RB;CD28;FAS;BID;MAP3K7;TP53;IKBKE;TLR4
KEGG_2021_Human	Influenza A	24/172	2.317267414879238e-05	0.00027303455192707546	0	0	2.840033310621546	30.31036005463905	APAF1;DDX58;IFNGR1;STAT1;MX2;TNFRSF10B;TNF;EIF2S1;ACTB;PYCARD;SOCS3;CDK6;OAS2;CASP3;OAS3;CASP1;HLA-DRA;CCL2;MAPK1;FAS;JAK2;BID;IKBKE;TLR4
KEGG_2021_Human	Phagosome	22/152	2.826373601309822e-05	0.0003191446858145674	0	0	2.96114416804072	31.014819661551844	ITGB1;DYNC1I2;ITGA2;TUBB;HLA-B;TAP2;CYBB;TAP1;CYBA;TCIRG1;THBS2;THBS1;ACTB;THBS3;TUBB6;FCGR2A;SEC61G;HLA-DRA;CD36;ITGA5;FCGR1A;TLR4
KEGG_2021_Human	Shigellosis	30/246	3.4226613730069845e-05	0.00037101649283395713	0	0	2.4372717788210747	25.06126421748771	ITGB1;ROCK2;TNF;ACTB;PYCARD;CASP4;CAPN2;CASP1;MAPK1;MAP3K7;CAST;ACTR3;RIPK2;CBX3;ACTN1;ARPC5;ATG12;PTK2;ARPC2;HCLS1;ARHGEF2;ITGA5;PFN1;TLN1;PLCB1;TP53;PLCB2;TLR4;DOCK1;VCL
KEGG_2021_Human	Hepatitis C	22/157	4.683720597788962e-05	0.0004881878007695418	0	0	2.8507127817472644	28.418278715339564	CDKN1A;APAF1;DDX58;STAT1;MX2;CLDN1;TNF;EIF2S1;CLDN5;SOCS3;CDK6;CCND1;OAS2;PPP2R2B;CASP3;OAS3;E2F2;MAPK1;FAS;BID;TP53;IKBKE
KEGG_2021_Human	Bacterial invasion of epithelial cells	14/77	6.609004308522156e-05	0.0006633482102257423	0	0	3.873368280398808	37.279203796195375	ITGB1;ACTR3;SHC1;CAV1;RHOG;FN1;ARPC5;ACTB;PTK2;ARPC2;HCLS1;ITGA5;DOCK1;VCL
KEGG_2021_Human	Hepatitis B	22/162	7.565536949695252e-05	0.0007322358976312191	0	0	2.7481693516176278	26.07826427854573	CDKN1A;APAF1;TGFB3;DDX58;STAT1;TNF;HSPG2;MMP9;IRAK1;CASP3;STAT4;BIRC5;E2F2;MAPK1;FAS;JAK2;BID;MAP3K7;TP53;IKBKE;TLR4;CREB5
KEGG_2021_Human	Viral myocarditis	12/60	8.315503115151834e-05	0.0007770694290366024	0	0	4.352954755309326	40.89515608196481	CD86;CCND1;CASP3;CAV1;HLA-B;CD28;ABL2;HLA-DRA;BID;EIF4G3;ACTB;EIF4G2
KEGG_2021_Human	Human cytomegalovirus infection	27/225	0.00010902196607997532	0.000984831760255777	0	0	2.388534218590398	21.792893469293045	CDKN1A;ROCK2;CCL3L3;ADCY4;CXCR4;TNF;GNAI2;CCND1;CASP3;CCL3;CCL2;E2F2;MAPK1;BID;CDKN2A;IL10RB;HLA-B;TAP2;TAP1;PTK2;CDK6;GNB4;FAS;PLCB1;TP53;PLCB2;CREB5
KEGG_2021_Human	Fluid shear stress and atherosclerosis	19/139	0.000209155428528361	0.0018284232622963	0	0	2.7642115861214376	23.41959719924872	MEF2C;PRKAA1;BMPR2;CAV1;PDGFB;CYBA;TXN;TNF;MMP9;ACTB;PTK2;HSP90B1;CDH5;GPC1;PECAM1;CCL2;ARHGEF2;MAP3K7;TP53
KEGG_2021_Human	Hypertrophic cardiomyopathy	14/90	0.0003670054817105045	0.0031034050499277	0	0	3.2086031452358927	25.38048010482577	ITGB1;PRKAA1;ITGA4;TPM4;ITGA3;TPM3;TGFB3;ITGA2;ITGA1;CACNA1C;TNF;ACTB;ITGA11;ITGA5
KEGG_2021_Human	Kaposi sarcoma-associated herpesvirus infection	23/193	0.0003779054119838208	0.0031034050499277	0	0	2.3644918788410885	18.634245136601272	CD86;CDKN1A;ANGPT2;IFNGR1;STAT1;LEF1;HLA-B;PDGFB;HIF1A;PIK3CG;HCK;CDK6;CCND1;CASP3;GNB4;FAS;E2F2;MAPK1;JAK2;BID;TP53;IKBKE;MICB
KEGG_2021_Human	Chagas disease	15/102	0.0004284892493134088	0.0034153113695274	0	0	3.004150702426565	23.2979244419381	TGFB3;IFNGR1;CCL3L3;SERPINE1;TNF;GNAI2;IRAK1;PPP2R2B;CCL3;CCL2;MAPK1;FAS;PLCB1;PLCB2;TLR4
KEGG_2021_Human	Protein digestion and absorption	15/103	0.0004766208406511816	0.0036904070804705	0	0	2.969854797979798	22.715793501833755	SLC36A1;COL18A1;COL15A1;COL12A1;SLC1A5;COL1A1;COL3A1;COL1A2;SLC7A7;COL4A2;COL5A1;COL4A1;COL5A2;COL6A1;COL6A3
KEGG_2021_Human	Dilated cardiomyopathy	14/96	0.0007167060957458772	0.0053952042207536	0	0	2.97287967329257	21.526160054947788	ITGB1;ITGA4;TPM4;ITGA3;TPM3;TGFB3;ITGA2;ITGA1;ADCY4;CACNA1C;TNF;ACTB;ITGA11;ITGA5
KEGG_2021_Human	Pertussis	12/76	0.0008239188378437037	0.0060346487852876	0	0	3.2619459833795013	23.164508891330613	ITGB1;PYCARD;IRAK1;CASP3;IRF1;CASP1;LY96;MAPK1;ITGA5;TNF;TLR4;GNAI2
KEGG_2021_Human	Tight junction	20/169	0.0009646593386555576	0.006794042603965	0	0	2.341938504760418	16.26180161836858	VASP;ITGB1;ACTR3;PRKAA1;ROCK2;ACTN1;MSN;PARD6G;ARPC5;CLDN1;ACTB;RUNX1;CLDN5;CCND1;ARPC2;PPP2R2B;NEDD4;HCLS1;MYH9;ARHGEF2
KEGG_2021_Human	Hematopoietic cell lineage	14/99	0.0009777404485410957	0.006794042603965	0	0	2.86749741524732	19.872520740051925	IL4R;ITGA4;ITGA3;ITGA2;ITGA1;TNF;CSF2RA;IL3RA;HLA-DRA;CD59;CD36;ITGA5;FCGR1A;CD34
KEGG_2021_Human	TNF signaling pathway	15/112	0.0011594861773021	0.0078555188512223	0	0	2.6930126002290957	18.20416819750928	JAG1;MLKL;LIF;VEGFC;TNF;MMP9;SOCS3;CASP3;IRF1;CCL2;MAPK1;FAS;MAP3K7;BIRC2;CREB5
KEGG_2021_Human	Rap1 signaling pathway	23/210	0.0012235934290028	0.0080876541282868	0	0	2.1475875967754807	14.401643641698318	VASP;PDGFRB;ITGB1;ANGPT2;F2R;PDGFB;ADCY4;VEGFC;PARD6G;THBS1;ACTB;GNAI2;RASGRP3;ENAH;EFNA1;MAPK1;PFN1;TLN1;PLCB1;PLCB2;SIPA1;EPHA2;F2RL3
KEGG_2021_Human	Malaria	9/50	0.0014058686875983	0.0090712003414081	0	0	3.812963212505053	25.04011027155429	TGFB3;PECAM1;CCL2;CD36;THBS2;TNF;TLR4;THBS1;THBS3
KEGG_2021_Human	Bladder cancer	8/41	0.0014940008319036	0.0094156796615321	0	0	4.208859524406902	27.384092771555864	CDKN1A;CCND1;CDKN2A;E2F2;MAPK1;THBS1;MMP9;TP53
KEGG_2021_Human	Tuberculosis	20/180	0.002082339516752	0.0127092456352766	0	0	2.1796511627906976	13.457740071534124	APAF1;TGFB3;IFNGR1;RIPK2;IL10RB;STAT1;CARD9;TCIRG1;TNF;TLR1;FCGR2A;IRAK1;CASP3;ITGAX;HLA-DRA;MAPK1;JAK2;BID;FCGR1A;TLR4
KEGG_2021_Human	Coronavirus disease	24/232	0.002110391341651	0.0127092456352766	0	0	2.0143288084464555	12.410041853730878	NRP1;VWF;STAT1;DDX58;RPL34;MX2;C5AR1;RPS27L;CYBB;ISG15;TNF;FCGR2A;IRAK1;OAS2;OAS3;CASP1;CCL2;MAPK1;RPL29;IKBKE;TLR4;RPL17;MAP3K7;RPS24
KEGG_2021_Human	Complement and coagulation cascades	12/85	0.0022270598342466	0.0131202872843662	0	0	2.858422191021895	17.456593052341404	VWF;CFH;PLAU;SERPINE1;F2R;C5AR1;ITGAX;PLAUR;CD59;TFPI;A2M;F2RL3
KEGG_2021_Human	Fc gamma R-mediated phagocytosis	13/97	0.0023935620282512	0.013801176801193	0	0	2.692027550391691	16.2463125970606	VASP;ACTR3;MARCKSL1;ARPC5;HCK;MARCKS;SCIN;FCGR2A;ARPC2;INPP5D;MAPK1;FCGR1A;DOCK1
KEGG_2021_Human	Chronic myeloid leukemia	11/76	0.0027423007528558	0.0154825730004986	0	0	2.941243258586432	17.350270509309286	CDKN1A;HDAC2;CDK6;CCND1;SHC1;CDKN2A;TGFB3;E2F2;MAPK1;TP53;RUNX1
KEGG_2021_Human	Arrhythmogenic right ventricular cardiomyopathy	11/77	0.003044636385188	0.016838703273183	0	0	2.896525215252153	16.783549814478807	ITGB1;CDH2;ITGA4;ITGA3;ITGA2;ITGA1;LEF1;ITGA11;ITGA5;CACNA1C;ACTB
KEGG_2021_Human	Cell cycle	15/124	0.0032080616027926	0.017387693887136	0	0	2.3950050968399594	13.75233095168615	CDKN1A;HDAC2;CDKN2B;TGFB3;CDKN2A;TTK;CDC20;CCNB2;CDK6;CCND1;PTTG1;CHEK1;E2F2;TP53;BUB1
KEGG_2021_Human	JAK-STAT signaling pathway	18/162	0.0033911538881414	0.0177234152096598	0	0	2.1774605385329617	12.382314513863792	PDGFRB;CDKN1A;IL4R;IFNGR1;IL10RB;STAT1;PDGFB;LIF;CSF2RA;IL27RA;SOCS3;CCND1;IL3RA;IL2RB;IL21R;STAT4;JAK2;SOCS4
KEGG_2021_Human	Apelin signaling pathway	16/137	0.0034008029184587	0.0177234152096598	0	0	2.3019784158886023	13.083855371216911	MYLK2;NOTCH3;MEF2C;PRKAA1;JAG1;SERPINE1;ADCY4;PIK3CG;GNAI2;APLN;CCND1;GNB4;SPP1;MAPK1;PLCB1;PLCB2
KEGG_2021_Human	Thyroid cancer	7/37	0.0035116897509963	0.0179559985381134	0	0	4.0479473039215685	22.87761354845609	CDKN1A;CCND1;TPM3;LEF1;TPR;MAPK1;TP53
KEGG_2021_Human	Th1 and Th2 cell differentiation	12/92	0.0043323888593225	0.021608181174068	0	0	2.6073407202216066	14.188199621476898	DLL4;NOTCH3;IL4R;NOTCH1;JAG1;IFNGR1;STAT1;IL2RB;STAT4;MAPK1;HLA-DRA;JAK2
KEGG_2021_Human	Toll-like receptor signaling pathway	13/104	0.004423544924639	0.021608181174068	0	0	2.484024293636124	13.46543338208932	CD86;STAT1;CCL3L3;LY96;TNF;TLR1;IRAK1;CCL3;SPP1;MAPK1;MAP3K7;IKBKE;TLR4
KEGG_2021_Human	Human T-cell leukemia virus 1 infection	22/219	0.0044997869889525	0.021608181174068	0	0	1.9470813365439656	10.5214925219499	NRP1;CDKN1A;CDKN2B;CDKN2A;TGFB3;HLA-B;ADCY4;ETS1;TNF;NFKB2;CDC20;CCNB2;CCND1;PTTG1;CHEK1;IL2RB;HLA-DRA;E2F2;MAPK1;TLN1;TP53;CREB5
KEGG_2021_Human	Notch signaling pathway	9/59	0.0045448941952836	0.021608181174068	0	0	3.125138121546961	16.85621634004991	LFNG;DLL4;NOTCH3;HEYL;HDAC2;NOTCH1;JAG1;NOTCH4;HEY2
KEGG_2021_Human	Relaxin signaling pathway	15/129	0.0046723943696183	0.0218313598994235	0	0	2.289351851851852	12.284853485718765	SHC1;ADCY4;VEGFC;MMP9;GNAI2;COL1A1;COL3A1;COL1A2;COL4A2;COL4A1;GNB4;MAPK1;PLCB1;PLCB2;CREB5
KEGG_2021_Human	Cellular senescence	17/156	0.0052725886782242	0.023847901831593	0	0	2.129055938922332	11.167396229865457	CDKN1A;CDKN2B;TGFB3;CDKN2A;IGFBP3;SERPINE1;HLA-B;FOXM1;ETS1;CCNB2;CDK6;CCND1;CHEK1;CAPN2;E2F2;MAPK1;TP53
KEGG_2021_Human	Axon guidance	19/182	0.0052799782652973	0.023847901831593	0	0	2.030344151253221	10.64678626611868	SEMA5A;SEMA6B;ITGB1;NRP1;BMPR2;TRPC6;UNC5B;ROCK2;CXCR4;PARD6G;SEMA3F;PTK2;GNAI2;EFNA1;ENAH;FES;MAPK1;EPHB4;EPHA2
KEGG_2021_Human	Cytokine-cytokine receptor interaction	27/295	0.0063658632995419	0.0282811303963257	0	0	1.7580601207445916	8.890167954083918	ACVRL1;BMPR2;CCL3L3;CXCR4;TNF;CSF2RA;IL27RA;TNFSF13B;CCL3;IL21R;CCL2;TNFRSF4;IL32;IL4R;TNFRSF12A;IFNGR1;IL10RB;TGFB3;LIF;TNFRSF10B;INHBB;TNFRSF10D;TNFSF4;IL3RA;IL2RB;FAS;TNFRSF21
KEGG_2021_Human	Prostate cancer	12/97	0.0066391510558281	0.0290195150988617	0	0	2.453315952419749	12.302818125546654	PDGFRB;CDKN1A;CCND1;PLAU;LEF1;PDGFB;E2F2;MAPK1;TP53;MMP9;HSP90B1;CREB5
KEGG_2021_Human	Breast cancer	16/147	0.0067480454144378	0.0290273064652803	0	0	2.12512292269489	10.622431995940454	NOTCH3;CDKN1A;NOTCH1;JAG1;SHC1;NOTCH4;LEF1;NFKB2;DLL4;HEYL;CDK6;CCND1;HEY2;E2F2;MAPK1;TP53
KEGG_2021_Human	Glioma	10/75	0.0075636405568246	0.0320272904828041	0	0	2.6713931230060264	13.048159648042036	PDGFRB;CDKN1A;CDK6;CCND1;SHC1;CDKN2A;PDGFB;E2F2;MAPK1;TP53
KEGG_2021_Human	Type I diabetes mellitus	7/43	0.0082718388833508	0.034056273980239	0	0	3.372217116013072	16.16943858472056	CD86;ICA1;HLA-B;CD28;FAS;HLA-DRA;TNF
KEGG_2021_Human	Pancreatic cancer	10/76	0.0082941479066264	0.034056273980239	0	0	2.6307778243262114	12.607226865531755	CDKN1A;CDK6;CCND1;CDKN2A;STAT1;TGFB3;E2F2;MAPK1;TP53;ARHGEF6
KEGG_2021_Human	Inflammatory bowel disease	9/65	0.0086417858812517	0.034954089161481	0	0	2.789413970007893	13.252913077011693	IL4R;IFNGR1;STAT1;TGFB3;IL21R;STAT4;HLA-DRA;TNF;TLR4
KEGG_2021_Human	Chemokine signaling pathway	19/192	0.0092332722045474	0.0367973054034168	0	0	1.9119625244429164	8.95743310285368	SHC1;ROCK2;STAT1;CCL3L3;ADCY4;CXCR4;PTK2;PIK3CG;GNAI2;HCK;GRK5;GNB4;CCL3;CCL2;MAPK1;JAK2;DOCK2;PLCB1;PLCB2
KEGG_2021_Human	Oxytocin signaling pathway	16/154	0.0103829560868179	0.0407794362250387	0	0	2.016574659843387	9.210885554844763	MYLK2;GUCY1A2;MEF2C;CDKN1A;PRKAA1;ROCK2;ADCY4;CACNA1C;ACTB;PIK3CG;GNAI2;CCND1;MAPK1;PLCB1;PLCB2;KCNJ2
KEGG_2021_Human	Apoptosis	15/142	0.0111120212905856	0.0430193967106959	0	0	2.0535870516185475	9.240582658677305	DAXX;APAF1;TNFRSF10B;TNF;EIF2S1;ACTB;CASP3;IL3RA;CAPN2;BIRC5;MAPK1;FAS;BID;TP53;BIRC2
KEGG_2021_Human	Legionellosis	8/57	0.0119714342100027	0.0456937840973346	0	0	2.832134877870191	12.532853746977286	PYCARD;APAF1;CASP3;HSPA6;CASP1;TNF;TLR4;NFKB2
KEGG_2021_Human	Rheumatoid arthritis	11/93	0.0126190152620911	0.0474965713337043	0	0	2.329369543695437	10.185285857819704	CD86;TGFB3;CCL3L3;CCL3;CD28;CCL2;HLA-DRA;TCIRG1;TNF;TLR4;TNFSF13B
KEGG_2021_Human	Growth hormone synthesis, secretion and action	13/119	0.0133714558182985	0.0496392400925878	0	0	2.13081121612667	9.193668404493405	SHC1;STAT1;IGFBP3;ADCY4;CACNA1C;PTK2;GNAI2;SOCS3;MAPK1;JAK2;PLCB1;PLCB2;CREB5
KEGG_2021_Human	Thyroid hormone signaling pathway	13/121	0.0152137152225356	0.0557150922338805	0	0	2.09112925309783	8.752542650336476	NOTCH3;HDAC2;NOTCH1;STAT1;NOTCH4;HIF1A;ACTB;CCND1;TBC1D4;MAPK1;PLCB1;TP53;PLCB2
KEGG_2021_Human	Cell adhesion molecules	15/148	0.0158038027919199	0.0571044074214706	0	0	1.96031746031746	8.130425850510544	CD86;ITGB1;ITGA4;ICAM2;HLA-B;CLDN1;CDH5;CLDN5;CDH2;CD28;PECAM1;HLA-DRA;ESAM;CD58;CD34
KEGG_2021_Human	Allograft rejection	6/38	0.0163152532237996	0.0577623190344156	0	0	3.24948347107438	13.37375233668166	CD86;HLA-B;CD28;FAS;HLA-DRA;TNF
KEGG_2021_Human	Melanoma	9/72	0.0164121718289667	0.0577623190344156	0	0	2.4785582741383845	10.186210339200736	PDGFRB;CDKN1A;CDK6;CCND1;CDKN2A;PDGFB;E2F2;MAPK1;TP53
KEGG_2021_Human	MicroRNAs in cancer	26/310	0.0206490656198396	0.0717422664484171	0	0	1.5947048050698955	6.187590526925162	NOTCH3;CDKN1A;HDAC2;NOTCH1;BMPR2;SHC1;CDCA5;NOTCH4;PDGFB;TNC;THBS1;CCND1;PLAU;CASP3;E2F2;MAPK1;PDGFRB;CDKN2A;KIF23;MMP9;EFNA1;MARCKS;CDK6;FSCN1;ITGA5;TP53
KEGG_2021_Human	cGMP-PKG signaling pathway	16/167	0.0210791200031592	0.0723093863399512	0	0	1.841685642212252	7.10793472466916	VASP;MYLK2;GUCY1A2;MEF2C;TRPC6;KCNJ8;ROCK2;ADCY4;CACNA1C;PIK3CG;GNAI2;ADORA3;MAPK1;PLCB1;PLCB2;CREB5
KEGG_2021_Human	One carbon pool by folate	4/20	0.0214332187966054	0.0726050286735009	0	0	4.328368469294226	16.63311183575222	MTHFD1L;SHMT2;MTHFD2;TYMS
KEGG_2021_Human	Gap junction	10/88	0.0218759204970365	0.0731898080826778	0	0	2.2246248375280637	8.503336498948794	PDGFRB;GUCY1A2;TUBB6;TUBB;ADCY4;PDGFB;MAPK1;PLCB1;PLCB2;GNAI2
KEGG_2021_Human	Graft-versus-host disease	6/42	0.0257982514110083	0.0852600747851618	0	0	2.8878175696357515	10.56204422350044	CD86;HLA-B;CD28;FAS;HLA-DRA;TNF
KEGG_2021_Human	Natural killer cell mediated cytotoxicity	13/131	0.0274574105085951	0.0896500993714371	0	0	1.912896707290329	6.8770916485808185	SHC1;IFNGR1;ICAM2;HLA-B;TNFRSF10B;TNF;TYROBP;CASP3;MAPK1;FAS;BID;ULBP1;MICB
KEGG_2021_Human	Necroptosis	15/159	0.0281894744658286	0.0909446140504708	0	0	1.8095100308641976	6.457791370959923	MLKL;IFNGR1;STAT1;CYBB;TNFRSF10B;TNF;PYCARD;CAPN2;CASP1;STAT4;FAS;JAK2;BID;TLR4;BIRC2
KEGG_2021_Human	Sphingolipid signaling pathway	12/119	0.0298634225002236	0.0952116176183602	0	0	1.9466176508659745	6.834809870014424	ROCK2;PPP2R3C;PPP2R2B;ADORA3;MAPK1;PPP2R5C;PLCB1;BID;TNF;TP53;PLCB2;GNAI2
KEGG_2021_Human	Parathyroid hormone synthesis, secretion and action	11/106	0.0304905370314488	0.0960806457618912	0	0	2.0092250922509227	7.012876507930974	MEF2C;CDKN1A;MMP25;MAFB;ADCY4;MAPK1;PLCB1;PLCB2;RUNX2;CREB5;GNAI2
KEGG_2021_Human	Th17 cell differentiation	11/107	0.0323716273480728	0.1008357587508935	0	0	1.9881899600246	6.820431855388055	IL4R;IFNGR1;STAT1;IL2RB;IL21R;HLA-DRA;MAPK1;JAK2;HIF1A;IL27RA;RUNX1
KEGG_2021_Human	HIF-1 signaling pathway	11/109	0.0363778950327193	0.1120273812939426	0	0	1.947407560810302	6.453307428502205	CDKN1A;ANGPT2;IFNGR1;MKNK1;SERPINE1;CYBB;MAPK1;TIMP1;EIF4E2;HIF1A;TLR4
KEGG_2021_Human	Prolactin signaling pathway	8/70	0.0369203427874311	0.1124203696111668	0	0	2.23675698133365	7.379044695398338	SOCS3;CCND1;SHC1;STAT1;IRF1;MAPK1;JAK2;SOCS4
KEGG_2021_Human	Proteasome	6/46	0.038373697624126	0.1155474672904239	0	0	2.5984848484848486	8.47205585637867	PSMA5;PSMA3;PSMA4;PSMD14;POMP;PSME4
KEGG_2021_Human	Adherens junction	8/71	0.0396951222727473	0.1182129465485114	0	0	2.201136081540865	7.10202491743267	YES1;ACTN1;LEF1;MAPK1;IQGAP1;MAP3K7;ACTB;VCL
KEGG_2021_Human	Non-small cell lung cancer	8/72	0.0426054937189933	0.1255009651939912	0	0	2.1666283348666053	6.837385192786315	EML4;CDKN1A;CDK6;CCND1;CDKN2A;E2F2;MAPK1;TP53
KEGG_2021_Human	Cushing syndrome	14/155	0.0453029265948241	0.128246529929902	0	0	1.7234895454038486	5.3331378596229255	CDKN1A;CDKN2B;CDKN2A;LEF1;ADCY4;CACNA1C;GNAI2;CDK6;CCND1;E2F2;MAPK1;PLCB1;PLCB2;CREB5
KEGG_2021_Human	Cholinergic synapse	11/113	0.045407191620566	0.128246529929902	0	0	1.8706406917010348	5.784179613042388	GNB4;ADCY4;MAPK1;CACNA1C;JAK2;PLCB1;PLCB2;PIK3CG;KCNJ2;CREB5;GNAI2
KEGG_2021_Human	Osteoclast differentiation	12/127	0.0457823526435459	0.128246529929902	0	0	1.8104299650728648	5.583106352406158	SOCS3;TYROBP;FCGR2A;IFNGR1;STAT1;MAPK1;CYBA;FCGR1A;TNF;MAP3K7;LILRB4;NFKB2
KEGG_2021_Human	Amino sugar and nucleotide sugar metabolism	6/48	0.0459037394952047	0.128246529929902	0	0	2.474485110848747	7.624405038577599	UGDH;GFPT1;PMM2;PGM3;PGM2;NPL
KEGG_2021_Human	Intestinal immune network for IgA production	6/48	0.0459037394952047	0.128246529929902	0	0	2.474485110848747	7.624405038577599	CD86;ITGA4;CD28;CXCR4;HLA-DRA;TNFSF13B
KEGG_2021_Human	African trypanosomiasis	5/37	0.0496970616589185	0.1374275888731318	0	0	2.7054185779816518	8.121151105476041	LAMA4;FAS;PLCB1;TNF;PLCB2
KEGG_2021_Human	Viral carcinogenesis	17/203	0.0540526638432527	0.1479623424396109	0	0	1.58708380712989	4.63078750038284	CDKN1A;SP100;CDKN2B;HDAC2;CDKN2A;ACTN1;HLA-B;NFKB2;CDC20;SCIN;CDK6;CCND1;CASP3;CHEK1;MAPK1;TP53;CREB5
KEGG_2021_Human	Neutrophil extracellular trap formation	16/189	0.0557096311004749	0.1509731002822872	0	0	1.605597132862263	4.636325872179249	HDAC2;VWF;C5AR1;CYBB;CYBA;ACTB;FCGR2A;HAT1;CASP4;CASP1;MAPK1;PLCB1;FCGR1A;MAP3K7;PLCB2;TLR4
KEGG_2021_Human	NF-kappa B signaling pathway	10/104	0.0585808948451331	0.1571824010201097	0	0	1.844396509461712	5.233192279693366	IRAK1;PLAU;DDX58;LY96;TNF;MAP3K7;TLR4;BIRC2;NFKB2;TNFSF13B
KEGG_2021_Human	Transcriptional misregulation in cancer	16/192	0.0624244021491079	0.1658530684549827	0	0	1.577976240626843	4.376988949785045	CD86;MEF2C;CDKN1A;HDAC2;IGFBP3;MMP9;RUNX2;PTK2;RUNX1;ETV6;HHEX;PLAU;IL2RB;FCGR1A;TP53;BIRC2
KEGG_2021_Human	Adrenergic signaling in cardiomyocytes	13/150	0.0681756775405032	0.1793748409075375	0	0	1.6459381788253706	4.420442529112536	TPM4;TPM3;ADCY4;CACNA1C;PPP2R5C;PIK3CG;GNAI2;PPP2R3C;PPP2R2B;MAPK1;PLCB1;PLCB2;CREB5
KEGG_2021_Human	Human immunodeficiency virus 1 infection	17/212	0.0744561966637074	0.1940156663063915	0	0	1.5131059416773702	3.93035970012048	HLA-B;TAP2;CXCR4;TAP1;TNF;PTK2;GNAI2;CCNB2;IRAK1;CASP3;CHEK1;GNB4;FAS;MAPK1;BID;TLR4;MAP3K7
KEGG_2021_Human	MAPK signaling pathway	22/294	0.085790678370203	0.2214216556030953	0	0	1.4045488185954718	3.449354083981241	PDGFRB;DAXX;MEF2C;ANGPT2;TGFB3;HSPA6;PDGFB;VEGFC;CACNA1C;TNF;RASGRP3;NFKB2;EFNA1;IRAK1;CASP3;MKNK1;FAS;MAPK1;TP53;MAP3K7;EPHA2;MAP4K4
KEGG_2021_Human	Viral protein interaction with cytokine and cytokine receptor	9/100	0.0970072889566301	0.248009201011762	0	0	1.713375022767288	3.9972510866351305	IL10RB;CCL3L3;IL2RB;CCL3;TNFRSF10B;CXCR4;CCL2;TNF;TNFRSF10D
KEGG_2021_Human	Colorectal cancer	8/86	0.0983310226032723	0.2480808297805944	0	0	1.7764253532422805	4.12026887290515	CDKN1A;CCND1;TGFB3;CASP3;LEF1;BIRC5;MAPK1;TP53
KEGG_2021_Human	Endocytosis	19/252	0.0988661609457719	0.2480808297805944	0	0	1.415064537230563	3.2744427165872145	SH3GLB1;ACTR3;ARF4;SH3KBP1;CAV1;HSPA6;HLA-B;CXCR4;PARD6G;ARPC5;EHD2;EHD4;RAB31;GRK5;ARPC2;NEDD4;IL2RB;AP2S1;SNX6
KEGG_2021_Human	Inositol phosphate metabolism	7/73	0.1040301315745541	0.2586437216211391	0	0	1.8364666889483063	4.15606129219896	INPP4B;INPP5D;SYNJ2;PLCB1;PLCB2;PIK3CG;MTMR6
KEGG_2021_Human	Type II diabetes mellitus	5/46	0.1053563071722683	0.259559629488043	0	0	2.11053927053032	4.749572921776927	SOCS3;MAPK1;CACNA1C;TNF;SOCS4
KEGG_2021_Human	Vascular smooth muscle contraction	11/133	0.1128757148291995	0.2734295903623459	0	0	1.562314741999879	3.408139513015453	MYLK2;GUCY1A2;PPP1R14A;CALD1;ROCK2;ADCY4;MYH9;MAPK1;CACNA1C;PLCB1;PLCB2
KEGG_2021_Human	PD-L1 expression and PD-1 checkpoint pathway in cancer	8/89	0.1139615242134309	0.2734295903623459	0	0	1.7103592399513896	3.714719645755836	EML4;IFNGR1;STAT1;CD28;MAPK1;JAK2;TLR4;HIF1A
KEGG_2021_Human	Prion disease	20/273	0.1140130764241516	0.2734295903623459	0	0	1.3715966541042377	2.9783427624080705	NOTCH1;PSMD14;APAF1;TUBB;CAV1;HSPA6;COX4I2;CYBB;CYBA;CACNA1C;LAMC1;TNF;EIF2S1;PSMA5;PSMA3;TUBB6;PSMA4;CASP3;MAPK1;CREB5
KEGG_2021_Human	C-type lectin receptor signaling pathway	9/104	0.1162270646781292	0.2762941625243248	0	0	1.6408839779005524	3.5315261628732038	PYCARD;STAT1;IRF1;CARD9;CASP1;MAPK1;TNF;IKBKE;NFKB2
KEGG_2021_Human	Gastric acid secretion	7/76	0.1218243524537232	0.287081734912687	0	0	1.756340579710145	3.6974042898103834	MYLK2;ADCY4;PLCB1;PLCB2;ACTB;KCNJ2;GNAI2
KEGG_2021_Human	Estrogen signaling pathway	11/137	0.1309829070535198	0.3060031707888266	0	0	1.512395302524454	3.074228455413964	KRT18;SHC1;HSPA6;ADCY4;MAPK1;PLCB1;MMP9;PLCB2;HSP90B1;CREB5;GNAI2
KEGG_2021_Human	Antigen processing and presentation	7/78	0.1344966444011494	0.3115264156642009	0	0	1.7066849627174814	3.423978728557759	HSPA6;HLA-B;TAP2;TAP1;HLA-DRA;IFI30;TNF
KEGG_2021_Human	Vibrio cholerae infection	5/50	0.1369878301786736	0.31460764388492	0	0	1.922528032619776	3.821722703774317	SEC61G;KDELR2;TCIRG1;KDELR3;ACTB
KEGG_2021_Human	IL-17 signaling pathway	8/94	0.142780334868955	0.3224455895790567	0	0	1.6104918593953916	3.1347385775054857	CASP3;CCL2;MAPK1;TNF;IKBKE;MAP3K7;MMP9;HSP90B1
KEGG_2021_Human	TGF-beta signaling pathway	8/94	0.142780334868955	0.3224455895790567	0	0	1.6104918593953916	3.1347385775054857	CDKN2B;BMPR2;TGFB3;MAPK1;INHBB;TNF;THBS1;FBN1
KEGG_2021_Human	Circadian entrainment	8/97	0.161641832058509	0.3620242684946773	0	0	1.5559575369794196	2.835533922596287	GUCY1A2;GNB4;ADCY4;MAPK1;CACNA1C;PLCB1;PLCB2;GNAI2
KEGG_2021_Human	Autoimmune thyroid disease	5/53	0.1631302321778282	0.3623630567228806	0	0	1.8020833333333333	3.2675490815682684	CD86;HLA-B;CD28;FAS;HLA-DRA
KEGG_2021_Human	Glutamatergic synapse	9/114	0.1725041264674384	0.3800700672575268	0	0	1.4838200473559588	2.607567599008181	GRM8;GNB4;ADCY4;MAPK1;CACNA1C;PLCB1;PLCB2;SHANK3;GNAI2
KEGG_2021_Human	Renal cell carcinoma	6/69	0.1756930951131201	0.3809026302052445	0	0	1.6478201932747387	2.8655866433251207	CDKN1A;TGFB3;PDGFB;MAPK1;ETS1;HIF1A
KEGG_2021_Human	Renin secretion	6/69	0.1756930951131201	0.3809026302052445	0	0	1.6478201932747387	2.8655866433251207	GUCY1A2;CACNA1C;PLCB1;PLCB2;KCNJ2;GNAI2
KEGG_2021_Human	FoxO signaling pathway	10/131	0.1811790652593967	0.3894309541892129	0	0	1.430780363331683	2.444158349909617	PLK4;CCNB2;CDKN1A;PRKAA1;CDKN2B;CCND1;TGFB3;PLK2;MAPK1;ATG12
KEGG_2021_Human	Central carbon metabolism in cancer	6/70	0.1839378676613256	0.3894309541892129	0	0	1.621986914600551	2.746278910595724	PDGFRB;SCO2;MAPK1;SLC1A5;TP53;HIF1A
KEGG_2021_Human	RIG-I-like receptor signaling pathway	6/70	0.1839378676613256	0.3894309541892129	0	0	1.621986914600551	2.746278910595724	DDX58;ISG15;TNF;IKBKE;MAP3K7;ATG12
KEGG_2021_Human	Phospholipase D signaling pathway	11/148	0.1882056747059179	0.3953778127542928	0	0	1.3901473321302555	2.321851737717567	PDGFRB;SHC1;DGKA;F2R;GRM8;PDGFB;ADCY4;MAPK1;PLCB1;PLCB2;PIK3CG
KEGG_2021_Human	Longevity regulating pathway	8/102	0.1954602603153048	0.4074594657342124	0	0	1.4728023645011643	2.4041999173734854	HDAC2;PRKAA1;RB1CC1;HSPA6;ADCY4;EIF4E2;TP53;CREB5
KEGG_2021_Human	Endometrial cancer	5/58	0.2105894492912191	0.4356468760146593	0	0	1.6316427211355375	2.5418460941014507	CDKN1A;CCND1;LEF1;MAPK1;TP53
KEGG_2021_Human	Diabetic cardiomyopathy	14/203	0.2233474030500583	0.4585389865648926	0	0	1.2824887792510364	1.922485125845224	TGFB3;GFPT1;COX4I2;CYBB;CYBA;MMP9;COL1A1;COL3A1;COL1A2;TBC1D4;PDK3;CD36;PLCB1;PLCB2
KEGG_2021_Human	Thyroid hormone synthesis	6/75	0.2272638105071273	0.4607389806183916	0	0	1.5040523815227371	2.2284698490527424	ADCY4;GPX7;PLCB1;PLCB2;CREB5;HSP90B1
KEGG_2021_Human	Protein processing in endoplasmic reticulum	12/171	0.2278192745493154	0.4607389806183916	0	0	1.306364222373212	1.932377380187449	HSPH1;MAN1A2;SEC61G;DNAJB11;HSPA6;CAPN2;SSR1;SEC24D;EIF2S1;CKAP4;HSP90B1;TXNDC5
KEGG_2021_Human	Long-term depression	5/60	0.2307024101717887	0.4631137270855907	0	0	1.572143452877398	2.3057475117814743	GUCY1A2;MAPK1;PLCB1;PLCB2;GNAI2
KEGG_2021_Human	Ribosome biogenesis in eukaryotes	8/108	0.239461040434273	0.4771613379241763	0	0	1.3839926402943885	1.9782300116627969	RPP40;WDR75;MPHOSPH10;NMD3;RIOK2;GNL2;REXO2;GNL3
KEGG_2021_Human	Herpes simplex virus 1 infection	31/498	0.2540878282846969	0.5026116895266632	0	0	1.1503155640707765	1.5760189312821935	SP100;ZNF195;ZNF20;TNF;SOCS3;IRAK1;CASP3;CCL2;JAK2;BID;IKBKE;MAP3K7;ZNF443;DAXX;APAF1;IFNGR1;STAT1;DDX58;CARD9;TAP2;HLA-B;TAP1;PILRA;EIF2S1;OAS2;OAS3;HLA-DRA;FAS;ITGA5;TP53;BIRC2
KEGG_2021_Human	GnRH secretion	5/64	0.2724070602111971	0.5349442994002495	0	0	1.46524646244752	1.9054911712305065	SPP1;MAPK1;CACNA1C;PLCB1;PLCB2
KEGG_2021_Human	Oocyte meiosis	9/129	0.2751379795030227	0.5364200895346702	0	0	1.2973066298342542	1.6741515853133613	CDC20;CCNB2;PTTG1;ADCY4;MAPK1;FBXO5;PPP2R5C;BUB1;AURKA
KEGG_2021_Human	Phosphatidylinositol signaling system	7/97	0.2811607798043297	0.5440760921548177	0	0	1.3450265522875815	1.7066081615429276	INPP4B;DGKA;INPP5D;SYNJ2;PLCB1;PLCB2;MTMR6
KEGG_2021_Human	Cortisol synthesis and secretion	5/65	0.2830801807890379	0.5440760921548177	0	0	1.440749235474006	1.8182616938315224	ADCY4;CACNA1C;PLCB1;PLCB2;CREB5
KEGG_2021_Human	mRNA surveillance pathway	7/98	0.2898519663329561	0.5531681892692332	0	0	1.330175339366516	1.6472691174772982	NCBP1;PPP2R3C;PPP2R2B;CSTF3;PAPOLA;PPP2R5C;PELO
KEGG_2021_Human	Dopaminergic synapse	9/132	0.2975719338119915	0.5639300284129349	0	0	1.2654628756232311	1.533866651669696	PPP2R3C;PPP2R2B;GNB4;CACNA1C;PPP2R5C;PLCB1;PLCB2;CREB5;GNAI2
KEGG_2021_Human	Nicotinate and nicotinamide metabolism	3/35	0.299913116322703	0.5644198230795314	0	0	1.6202781593406594	1.9512401596689457	BST1;NNMT;NADSYN1
KEGG_2021_Human	Acute myeloid leukemia	5/67	0.3046502947647119	0.5693808957326684	0	0	1.3941254809115122	1.6570446296709578	CCND1;LEF1;MAPK1;FCGR1A;RUNX1
KEGG_2021_Human	Progesterone-mediated oocyte maturation	7/100	0.307411039924415	0.5706054234213457	0	0	1.3014310562934852	1.5351284254511666	STK10;CCNB2;ADCY4;MAPK1;BUB1;AURKA;GNAI2
KEGG_2021_Human	Hepatocellular carcinoma	11/168	0.3144789898113066	0.579753783937851	0	0	1.2117658119256352	1.4018167506051786	CDKN1A;CDK6;CCND1;SHC1;TGFB3;CDKN2A;LEF1;E2F2;MAPK1;TP53;ACTB
KEGG_2021_Human	Adipocytokine signaling pathway	5/69	0.3264515230118569	0.5977592076771164	0	0	1.3504157110091743	1.5117550291692687	SOCS3;PRKAA1;CD36;JAK2;TNF
KEGG_2021_Human	AMPK signaling pathway	8/120	0.3354372944144923	0.6068038296471008	0	0	1.234919174661585	1.348927211633978	PRKAA1;CCND1;PPP2R3C;PPP2R2B;CD36;PPP2R5C;MAP3K7;CREB5
KEGG_2021_Human	Autophagy	9/137	0.3358692784024543	0.6068038296471008	0	0	1.2157070096685083	1.3263767662724637	SH3GLB1;PRKAA1;RB1CC1;WDR41;MAPK1;MAP3K7;HIF1A;EIF2S1;ATG12
KEGG_2021_Human	Primary immunodeficiency	3/38	0.3456593553243116	0.6183171253892937	0	0	1.4811616954474098	1.5734403072109762	TAP2;TAP1;ADA
KEGG_2021_Human	Amyotrophic lateral sclerosis	22/364	0.3468051773401204	0.6183171253892937	0	0	1.112871492181837	1.1785221244274349	DAXX;PSMD14;APAF1;NCBP1;TUBB;COX4I2;WDR41;GPX7;TNF;EIF2S1;ACTB;PSMA5;PSMA3;TUBB6;PSMA4;CASP3;RB1CC1;TPR;CASP1;PFN1;BID;TP53
KEGG_2021_Human	Protein export	2/23	0.36128342210741	0.6399203097458047	0	0	1.645449396593038	1.6752197324026166	SPCS3;SEC61G
KEGG_2021_Human	Alzheimer disease	22/369	0.3708681515524246	0.6526316173422537	0	0	1.0965404438523787	1.0876679690857165	PSMD14;APAF1;TUBB;COX4I2;CYBB;CACNA1C;TNF;EIF2S1;PSMA5;BACE2;PSMA3;TUBB6;PSMA4;CASP3;RB1CC1;CAPN2;NOX4;FAS;MAPK1;PLCB1;BID;PLCB2
KEGG_2021_Human	Insulin resistance	7/108	0.3792190749742438	0.6630217375356134	0	0	1.197837798485731	1.1614728883118297	SOCS3;PRKAA1;TBC1D4;GFPT1;CD36;TNF;CREB5
KEGG_2021_Human	Hippo signaling pathway	10/163	0.4022176880501288	0.6987243170614418	0	0	1.1296045299840367	1.028800682539936	BMPR2;CCND1;TGFB3;PPP2R2B;SERPINE1;LEF1;BIRC5;PARD6G;ACTB;BIRC2
KEGG_2021_Human	Purine metabolism	8/129	0.4108651845620423	0.7092004141166462	0	0	1.1425182662115003	1.0162587284437632	GUCY1A2;ENTPD1;GMPS;ADCY4;PGM2;NUDT5;ADA;PAPSS2
KEGG_2021_Human	Staphylococcus aureus infection	6/95	0.4203263868464618	0.7165423013158326	0	0	1.1648249605348686	1.0095814671608074	FCGR2A;KRT18;CFH;C5AR1;HLA-DRA;FCGR1A
KEGG_2021_Human	Maturity onset diabetes of the young	2/26	0.4204067376723888	0.7165423013158326	0	0	1.439539493748094	1.247407919457867	HHEX;NR5A2
KEGG_2021_Human	Serotonergic synapse	7/113	0.4245378266592437	0.7190609439040941	0	0	1.1410325332963374	0.977584379253272	CASP3;GNB4;MAPK1;CACNA1C;PLCB1;PLCB2;GNAI2
KEGG_2021_Human	Gastric cancer	9/149	0.4301059565028342	0.720339537157956	0	0	1.1107932123125492	0.9372025481157916	CDKN1A;CDKN2B;CCND1;SHC1;TGFB3;LEF1;E2F2;MAPK1;TP53
KEGG_2021_Human	Sulfur metabolism	1/10	0.430608874611029	0.720339537157956	0	0	1.9191549867966688	1.6169937918616344	PAPSS2
KEGG_2021_Human	Vasopressin-regulated water reabsorption	3/44	0.4357289362517542	0.7244327713142661	0	0	1.2640042883945324	1.0500525201277384	DYNC1I2;ARHGDIB;CREB5
KEGG_2021_Human	RNA transport	11/186	0.4406021433638251	0.7280681759243696	0	0	1.0860832894043226	0.8901679613328949	CYFIP1;NCBP1;TPR;RPP40;TACC3;NMD3;TRNT1;EIF4E2;EIF2S1;EIF4G3;EIF4G2
KEGG_2021_Human	Cytosolic DNA-sensing pathway	4/63	0.4552491843111634	0.7477122966565168	0	0	1.1711227454209323	0.9215686119682178	PYCARD;DDX58;CASP1;IKBKE
KEGG_2021_Human	Systemic lupus erythematosus	8/135	0.4611580324029118	0.7528543781999344	0	0	1.0881933226607945	0.8422774010232745	CD86;SSB;FCGR2A;ACTN1;CD28;HLA-DRA;FCGR1A;TNF
KEGG_2021_Human	Insulin signaling pathway	8/137	0.4777574021951028	0.7592167155894066	0	0	1.0712080043930026	0.791250151367552	SOCS3;PRKAA1;SHC1;MKNK1;MAPK1;PHKB;EIF4E2;SOCS4
KEGG_2021_Human	Neurotrophin signaling pathway	7/119	0.4783712717870667	0.7592167155894066	0	0	1.0795611213235294	0.7960339639136133	IRAK1;SHC1;RIPK2;ARHGDIB;MAPK1;IRAK3;TP53
KEGG_2021_Human	Melanogenesis	6/101	0.4789253058589111	0.7592167155894066	0	0	1.0909090909090908	0.8031388706125441	LEF1;ADCY4;MAPK1;PLCB1;PLCB2;GNAI2
KEGG_2021_Human	Carbohydrate digestion and absorption	3/47	0.4790629459992196	0.7592167155894066	0	0	1.1776348651348651	0.8666489113359528	SLC2A5;PLCB1;PLCB2
KEGG_2021_Human	Other types of O-glycan biosynthesis	3/47	0.4790629459992196	0.7592167155894066	0	0	1.1776348651348651	0.8666489113359528	LFNG;GALNT5;GALNT1
KEGG_2021_Human	Parkinson disease	14/249	0.4985027296171022	0.783987041542766	0	0	1.0289133387131697	0.7162741252114132	DAXX;PSMD14;APAF1;TUBB;COX4I2;TXN;EIF2S1;GNAI2;PSMA5;PSMA3;TUBB6;PSMA4;CASP3;TP53
KEGG_2021_Human	ErbB signaling pathway	5/85	0.5004788124977805	0.783987041542766	0	0	1.079415137614679	0.7471603789956931	CDKN1A;SHC1;ABL2;MAPK1;PTK2
KEGG_2021_Human	Long-term potentiation	4/67	0.5033721215000042	0.7839876145201216	0	0	1.0965329608775989	0.7526882717160885	MAPK1;CACNA1C;PLCB1;PLCB2
KEGG_2021_Human	Insulin secretion	5/86	0.5109152599413236	0.7841602955297527	0	0	1.0660323932495186	0.7158956893507659	ADCY4;CACNA1C;PLCB1;PLCB2;CREB5
KEGG_2021_Human	Huntington disease	17/306	0.5109790869401887	0.7841602955297527	0	0	1.015824511622831	0.6820516136477539	HDAC2;PSMD14;APAF1;TUBB;COX4I2;GPX7;PSMA5;PSMA3;TUBB6;PSMA4;CASP3;RB1CC1;AP2S1;PLCB1;TP53;PLCB2;CREB5
KEGG_2021_Human	Asthma	2/31	0.512163735456702	0.7841602955297527	0	0	1.1910275420386789	0.7969295215983184	HLA-DRA;TNF
KEGG_2021_Human	Fc epsilon RI signaling pathway	4/68	0.5151124357945867	0.7842442140468145	0	0	1.0793423464711274	0.7160034189590012	INPP5D;ALOX5AP;MAPK1;TNF
KEGG_2021_Human	Cholesterol metabolism	3/50	0.5207691552528162	0.7884270451034255	0	0	1.102291325695581	0.719188228920983	APOC1;CD36;LIPA
KEGG_2021_Human	GABAergic synapse	5/89	0.5416648012607994	0.8155064507870924	0	0	1.0277959807776322	0.6301498525862784	ADCY4;GNB4;CACNA1C;SLC38A5;GNAI2
KEGG_2021_Human	Endocrine and other factor-regulated calcium reabsorption	3/53	0.5605877559968911	0.8393330490340194	0	0	1.035989010989011	0.5995988226057758	AP2S1;PLCB1;PLCB2
KEGG_2021_Human	GnRH signaling pathway	5/93	0.5811896836056535	0.8606688757220333	0	0	0.9808694745621352	0.5322963804550543	ADCY4;MAPK1;CACNA1C;PLCB1;PLCB2
KEGG_2021_Human	Salivary secretion	5/93	0.5811896836056535	0.8606688757220333	0	0	0.9808694745621352	0.5322963804550543	GUCY1A2;BST1;ADCY4;PLCB1;PLCB2
KEGG_2021_Human	Mucin type O-glycan biosynthesis	2/36	0.5938273857385941	0.8746044648649945	0	0	1.0156073408320327	0.5293006229796472	GALNT5;GALNT1
KEGG_2021_Human	Pyrimidine metabolism	3/56	0.5983350770990895	0.8764800318586662	0	0	0.9771926187020528	0.5018903820598085	ENTPD1;TK1;TYMS
KEGG_2021_Human	Alanine, aspartate and glutamate metabolism	2/37	0.6088796276063845	0.8823870539108567	0	0	0.9865377074892172	0.4894555763513458	FOLH1;GFPT1
KEGG_2021_Human	Aldosterone-regulated sodium reabsorption	2/37	0.6088796276063845	0.8823870539108567	0	0	0.9865377074892172	0.4894555763513458	HSD11B2;MAPK1
KEGG_2021_Human	Selenocompound metabolism	1/17	0.6161837173048814	0.8862544600430268	0	0	1.0791247714808043	0.5225231324347082	PAPSS2
KEGG_2021_Human	Non-alcoholic fatty liver disease	8/155	0.6188133372236264	0.8862544600430268	0	0	0.9391384888822134	0.4507410270738362	SOCS3;PRKAA1;CASP3;COX4I2;FAS;BID;TNF;EIF2S1
KEGG_2021_Human	Ras signaling pathway	12/232	0.6220668066328274	0.8862544600430268	0	0	0.9410727776378746	0.4467345745947586	PDGFRB;EFNA1;ANGPT2;SHC1;PDGFB;GNB4;VEGFC;ABL2;MAPK1;ETS1;EPHA2;RASGRP3
KEGG_2021_Human	Aldosterone synthesis and secretion	5/98	0.6278998388496722	0.8862544600430268	0	0	0.927887935286574	0.4318154929777812	ADCY4;CACNA1C;PLCB1;PLCB2;CREB5
KEGG_2021_Human	Choline metabolism in cancer	5/98	0.6278998388496722	0.8862544600430268	0	0	0.927887935286574	0.4318154929777812	PDGFRB;DGKA;PDGFB;MAPK1;HIF1A
KEGG_2021_Human	Other glycan degradation	1/18	0.6372154668833695	0.8908066133946442	0	0	1.0155930745241424	0.4576744069698616	MAN2B1
KEGG_2021_Human	Various types of N-glycan biosynthesis	2/39	0.6376991992566826	0.8908066133946442	0	0	0.933112435399718	0.4197966297886898	MAN1A2;MGAT4A
KEGG_2021_Human	B cell receptor signaling pathway	4/81	0.6540422971086468	0.9004060558121013	0	0	0.896496720511386	0.3806374958154355	INPP5D;MAPK1;LILRB4;RASGRP3
KEGG_2021_Human	Chemical carcinogenesis	12/239	0.6625864570411754	0.9004060558121013	0	0	0.911711227988822	0.3752641965583139	DLL4;JAG1;CCND1;ADCY4;BIRC5;MAPK1;CACNA1C;JAK2;IKBKE;GNAI2;HSP90B1;CREB5
KEGG_2021_Human	Ferroptosis	2/41	0.6648228865086026	0.9004060558121013	0	0	0.8851666783963216	0.3613556736315291	CYBB;TP53
KEGG_2021_Human	Homologous recombination	2/41	0.6648228865086026	0.9004060558121013	0	0	0.8851666783963216	0.3613556736315291	RBBP8;TOPBP1
KEGG_2021_Human	Calcium signaling pathway	12/240	0.6681732796848492	0.9004060558121013	0	0	0.9076638965835642	0.3659771069308685	PDGFRB;MYLK2;TBXA2R;F2R;PDGFB;ADCY4;CXCR4;VEGFC;PHKB;CACNA1C;PLCB1;PLCB2
KEGG_2021_Human	Signaling pathways regulating pluripotency of stem cells	7/143	0.6727311788529632	0.9004060558121013	0	0	0.8879149545847751	0.3519778931797683	BMPR2;RIF1;DLX5;LIF;MAPK1;INHBB;JAK2
KEGG_2021_Human	Spinocerebellar ataxia	7/143	0.6727311788529632	0.9004060558121013	0	0	0.8879149545847751	0.3519778931797683	PSMA5;PSMA3;PSMA4;PSMD14;RB1CC1;PLCB1;PLCB2
KEGG_2021_Human	Steroid biosynthesis	1/20	0.6758875306024701	0.9004060558121013	0	0	0.9085923217550276	0.3559215905664021	LIPA
KEGG_2021_Human	Basal cell carcinoma	3/63	0.6777964405375227	0.9004060558121013	0	0	0.8628663003663004	0.3355758412529332	CDKN1A;LEF1;TP53
KEGG_2021_Human	Lysine degradation	3/63	0.6777964405375227	0.9004060558121013	0	0	0.8628663003663004	0.3355758412529332	SMYD2;PLOD2;PLOD1
KEGG_2021_Human	Pathways of neurodegeneration	24/475	0.6878938861438652	0.9093621616828657	0	0	0.9169290776177432	0.3430421375492014	DAXX;APAF1;PSMD14;TUBB;COX4I2;WDR41;GPX7;CYBB;CACNA1C;TNF;EIF2S1;PSMA5;PSMA3;TUBB6;PSMA4;CASP3;RB1CC1;CAPN2;NOX4;FAS;MAPK1;PLCB1;BID;PLCB2
KEGG_2021_Human	Taste transduction	4/86	0.6997686038235593	0.9124615916377132	0	0	0.8416087277279739	0.3004589989761402	ADCY4;CACNA1C;PLCB1;PLCB2
KEGG_2021_Human	Glucagon signaling pathway	5/107	0.70355079618541	0.9124615916377132	0	0	0.8456107213527613	0.2973295829782107	PRKAA1;PHKB;PLCB1;PLCB2;CREB5
KEGG_2021_Human	Retrograde endocannabinoid signaling	7/148	0.7070214107065744	0.9124615916377132	0	0	0.856200458906967	0.2968398441547209	GNB4;ADCY4;MAPK1;CACNA1C;PLCB1;PLCB2;GNAI2
KEGG_2021_Human	Lysosome	6/128	0.7083377950083224	0.9124615916377132	0	0	0.848259043490042	0.2925087180313023	SLC11A1;LAPTM5;MAN2B1;AP3B1;TCIRG1;LIPA
KEGG_2021_Human	Cardiac muscle contraction	4/87	0.7083713379234349	0.9124615916377132	0	0	0.8314246905127384	0.2866642869110022	TPM4;TPM3;COX4I2;CACNA1C
KEGG_2021_Human	Histidine metabolism	1/22	0.7104405750389574	0.9124615916377132	0	0	0.8219726647514581	0.2810077728458121	HNMT
KEGG_2021_Human	ABC transporters	2/45	0.7141306242401565	0.9128745243824644	0	0	0.8026553756462903	0.2702455458048561	TAP2;TAP1
KEGG_2021_Human	Mannose type O-glycan biosynthesis	1/23	0.7263113354860796	0.916389727174581	0	0	0.7845687219544624	0.2508866550769661	FUT4
KEGG_2021_Human	Renin-angiotensin system	1/23	0.7263113354860796	0.916389727174581	0	0	0.7845687219544624	0.2508866550769661	ENPEP
KEGG_2021_Human	Mitophagy	3/68	0.7270250603045568	0.916389727174581	0	0	0.7962806424344886	0.2538497548503316	TP53;HIF1A;TBC1D15
KEGG_2021_Human	Amphetamine addiction	3/69	0.7361297191999921	0.9173324810398498	0	0	0.7841741591741592	0.2402309121423787	HDAC2;CACNA1C;CREB5
KEGG_2021_Human	Nucleotide excision repair	2/47	0.7364157214289917	0.9173324810398498	0	0	0.7669004777879435	0.2346412389224954	ERCC5;ERCC6
KEGG_2021_Human	Morphine addiction	4/91	0.7409784553159793	0.9173324810398498	0	0	0.7930296996323103	0.237737400766434	GRK5;ADCY4;GNB4;GNAI2
KEGG_2021_Human	Vitamin digestion and absorption	1/24	0.7413129643827568	0.9173324810398498	0	0	0.7504172959224227	0.2246242017550123	FOLH1
KEGG_2021_Human	Cocaine addiction	2/49	0.7572016453742739	0.932734754074674	0	0	0.7341885499600942	0.2041966946084052	CREB5;GNAI2
KEGG_2021_Human	Arginine and proline metabolism	2/50	0.767052985319404	0.9363574730700832	0	0	0.7188548337907898	0.1906398697098687	SMS;ALDH18A1
KEGG_2021_Human	N-Glycan biosynthesis	2/50	0.767052985319404	0.9363574730700832	0	0	0.7188548337907898	0.1906398697098687	MAN1A2;MGAT4A
KEGG_2021_Human	Collecting duct acid secretion	1/27	0.781565756104099	0.946597890039794	0	0	0.6637252144564759	0.1635790559930134	TCIRG1
KEGG_2021_Human	Ubiquitin mediated proteolysis	6/140	0.7848065678624139	0.946597890039794	0	0	0.7718021462933268	0.1870215539751638	CDC20;HERC4;SOCS3;UBE2C;NEDD4;BIRC2
KEGG_2021_Human	Inflammatory mediator regulation of TRP channels	4/98	0.7912513215573169	0.946597890039794	0	0	0.7337012695750531	0.1717885476851738	TRPV2;ADCY4;PLCB1;PLCB2
KEGG_2021_Human	Glycosaminoglycan biosynthesis	2/53	0.7945438245766175	0.946597890039794	0	0	0.6764616184991837	0.1555774692928041	CHST7;CHSY1
KEGG_2021_Human	Fanconi anemia pathway	2/54	0.803049056795563	0.946597890039794	0	0	0.6634175522556126	0.1455136576185793	FANCD2;UBE2T
KEGG_2021_Human	Wnt signaling pathway	7/166	0.8099389633223971	0.946597890039794	0	0	0.7585437476877543	0.1598982822116287	CCND1;ROCK2;LEF1;PLCB1;MAP3K7;TP53;PLCB2
KEGG_2021_Human	Regulation of lipolysis in adipocytes	2/55	0.8112399011233598	0.946597890039794	0	0	0.6508657149268933	0.1361555488958457	ADCY4;GNAI2
KEGG_2021_Human	Ascorbate and aldarate metabolism	1/30	0.81555981684491	0.946597890039794	0	0	0.5949694257076215	0.12130266977469	UGDH
KEGG_2021_Human	Glyoxylate and dicarboxylate metabolism	1/30	0.81555981684491	0.946597890039794	0	0	0.5949694257076215	0.12130266977469	SHMT2
KEGG_2021_Human	Pentose phosphate pathway	1/30	0.81555981684491	0.946597890039794	0	0	0.5949694257076215	0.12130266977469	PGM2
KEGG_2021_Human	Pancreatic secretion	4/102	0.8162776322976659	0.946597890039794	0	0	0.7036046315868235	0.1428322652603021	BST1;ADCY4;PLCB1;PLCB2
KEGG_2021_Human	Circadian rhythm	1/31	0.8256729993254527	0.946597890039794	0	0	0.5751066422912858	0.1101653973725752	PRKAA1
KEGG_2021_Human	Galactose metabolism	1/31	0.8256729993254527	0.946597890039794	0	0	0.5751066422912858	0.1101653973725752	PGM2
KEGG_2021_Human	Glutathione metabolism	2/57	0.8267139678635124	0.946597890039794	0	0	0.6271313316144057	0.1193409043064001	SMS;GPX7
KEGG_2021_Human	T cell receptor signaling pathway	4/104	0.8278365311418123	0.946597890039794	0	0	0.6894592117323557	0.130266127166318	CD28;MAPK1;TNF;MAP3K7
KEGG_2021_Human	VEGF signaling pathway	2/59	0.8410366654980309	0.9533187615922504	0	0	0.6050625190606892	0.1047484368888258	MAPK1;PTK2
KEGG_2021_Human	Base excision repair	1/33	0.8442675379414762	0.9533187615922504	0	0	0.5391053473491774	0.0912629050969952	TDG
KEGG_2021_Human	Fructose and mannose metabolism	1/33	0.8442675379414762	0.9533187615922504	0	0	0.5391053473491774	0.0912629050969952	PMM2
KEGG_2021_Human	Pentose and glucuronate interconversions	1/34	0.8528078903696008	0.9566495548894908	0	0	0.5227411223754916	0.0832313502905413	UGDH
KEGG_2021_Human	Arachidonic acid metabolism	2/61	0.8542774622998406	0.9566495548894908	0	0	0.5844898971885807	0.0920567149775235	TBXAS1;GPX7
KEGG_2021_Human	DNA replication	1/36	0.8685103511585064	0.9618376322196268	0	0	0.492817968137895	0.0694753949624182	RNASEH2A
KEGG_2021_Human	Starch and sucrose metabolism	1/36	0.8685103511585064	0.9618376322196268	0	0	0.492817968137895	0.0694753949624182	PGM2
KEGG_2021_Human	Ribosome	6/158	0.8695580069882236	0.9618376322196268	0	0	0.6797520661157025	0.0950091055965771	MRPL1;RPL34;RPS27L;RPL29;RPL17;RPS24
KEGG_2021_Human	Alcoholism	7/186	0.8889248044593477	0.9792626910913952	0	0	0.673071393361814	0.0792491970120943	HDAC2;SHC1;HAT1;GNB4;MAPK1;CREB5;GNAI2
KEGG_2021_Human	Glycine, serine and threonine metabolism	1/40	0.8950721500530578	0.9820427233375656	0	0	0.4421787840435007	0.0490159380033965	SHMT2
KEGG_2021_Human	Epithelial cell signaling in Helicobacter pylori infection	2/70	0.9022352300596916	0.985910271557163	0	0	0.5068887573327593	0.0521487182501074	CASP3;TCIRG1
KEGG_2021_Human	Fat digestion and absorption	1/43	0.9114115250839524	0.9919378445692816	0	0	0.4105292939845042	0.0380810071608714	CD36
KEGG_2021_Human	Glycosphingolipid biosynthesis	1/45	0.9208661942923448	0.9982189546129018	0	0	0.3918273225860063	0.032302454631217	FUT4
KEGG_2021_Human	mTOR signaling pathway	5/154	0.9288990367178456	0.9988879394033456	0	0	0.5774274983067545	0.0425882954070125	PRKAA1;MAPK1;EIF4E2;TNF;RNF152
KEGG_2021_Human	Synaptic vesicle cycle	2/78	0.9320657212472632	0.9988879394033456	0	0	0.4533394327538884	0.0318933132978848	AP2S1;TCIRG1
KEGG_2021_Human	RNA degradation	2/79	0.935122334571086	0.9988879394033456	0	0	0.447428143677	0.0300125488419352	ZCCHC7;DCP2
KEGG_2021_Human	Ether lipid metabolism	1/49	0.9368581861232488	0.9988879394033456	0	0	0.359098872638635	0.0234216339873313	AGPS
KEGG_2021_Human	Cysteine and methionine metabolism	1/50	0.9403235791928904	0.9988879394033456	0	0	0.3517516695892251	0.0216437128030574	SMS
KEGG_2021_Human	Ovarian steroidogenesis	1/51	0.9435989390673672	0.9988879394033456	0	0	0.3446983546617916	0.0200111375139738	ADCY4
KEGG_2021_Human	cAMP signaling pathway	7/216	0.9547970164167584	0.9999955635802992	0	0	0.5755347593582888	0.0266222289761781	ROCK2;F2R;ADCY4;MAPK1;CACNA1C;GNAI2;CREB5
KEGG_2021_Human	Hedgehog signaling pathway	1/56	0.957470350408848	0.9999955635802992	0	0	0.3132790427123151	0.013615271366158	CCND1
KEGG_2021_Human	Glycerolipid metabolism	1/61	0.9679323782371376	0.9999955635802992	0	0	0.287096282754418	0.0093573438829724	DGKA
KEGG_2021_Human	Steroid hormone biosynthesis	1/61	0.9679323782371376	0.9999955635802992	0	0	0.287096282754418	0.0093573438829724	HSD11B2
KEGG_2021_Human	Glycolysis / Gluconeogenesis	1/67	0.9771503961579906	0.9999955635802992	0	0	0.2609135227965209	0.0060309383491944	PGM2
KEGG_2021_Human	Drug metabolism	2/108	0.9836089353151108	0.9999955635802992	0	0	0.3245179443801895	0.0053632705472301	GMPS;TK1
KEGG_2021_Human	PPAR signaling pathway	1/74	0.9846145884794182	0.9999955635802992	0	0	0.23580676667251	0.0036561827646062	CD36
KEGG_2021_Human	Peroxisome	1/82	0.9902109583250558	0.9999955635802992	0	0	0.2124269302818967	0.0020897009275207	AGPS
KEGG_2021_Human	Bile secretion	1/90	0.9937724703297918	0.9999955635802992	0	0	0.1932502105457757	0.0012072343776905	ADCY4
KEGG_2021_Human	Oxidative phosphorylation	2/133	0.995221790152759	0.9999955635802992	0	0	0.2622378354972308	0.0012560305922239	COX4I2;TCIRG1
KEGG_2021_Human	Glycerophospholipid metabolism	1/98	0.9960385719587516	0.9999955635802992	0	0	0.1772366610754066	0.0007035046424601684	DGKA
KEGG_2021_Human	Thermogenesis	5/232	0.996263279660132	0.9999955635802992	0	0	0.3774400840641798	0.0014130297349461	PRKAA1;COX4I2;ADCY4;ACTB;CREB5
KEGG_2021_Human	Spliceosome	2/150	0.9979683746207324	0.9999955635802992	0	0	0.2319057392250439	0.00047162483027911	NCBP1;HSPA6
KEGG_2021_Human	Neuroactive ligand-receptor interaction	7/341	0.9995265979946184	0.9999955635802992	0	0	0.3577321460021134	0.0001693912135412577	TBXA2R;ADORA3;F2R;C5AR1;GRM8;F2RL3;APLN
KEGG_2021_Human	Olfactory transduction	1/440	0.9999955635802992	0.9999955635802992	0	0	0.0384495258877372	1.7057861251949145e-07	OR51E1
